{"products":[{"id":"0.07324209504776835","qty":1}],"totalPrice":9.0300000000001}